ShowName,ShowDate,ShowYear,ShowWebsite,SubmittedBy,ExhibitorName,BoothNumber,HallLocation,Website,Email,Phone,Fax,Address,Country,Categories,Manufacturers,Brands,Description
Homi Milano,03/11/2022,2022,http://www.bilbaomueble.com/,DM,AMEFA,E02b,9P,http://www.amefa.fr,amefa@amefa.fr,0033 33477977475,0033 477973396,"NOIRETABLE, 12-14 RUE DE L'AUVERGNE",France,,,,
Homi Milano,03/11/2022,2022,http://www.bilbaomueble.com/,DM,AMBIENTI GLAMOUR SRL,C02 D09,11P,www.ambientiglamour.com,amministrazione@ambientiglamour.com,0039 0761 527077,0039 0761 527348,"ROMA (RM), VIA DELLA STAZIONE SAN PIETRO 65",Italy,,,,
Homi Milano,03/11/2022,2022,http://www.bilbaomueble.com/,DM,AMBIENTE EUROPE B.V.,K12,11P,http://www.ambiente.eu,info@ambiente.eu,0031 243570440,0031 243570450,"DS BEUGEN, LAAN DE WIJZE 19",Netherlands,,,,
Homi Milano,03/11/2022,2022,http://www.bilbaomueble.com/,DM,ALL ONE ITALIA SRLS,,,,info@alloneitaliasrl.com,0813386942,,"POGGIOMARINO (NA), VIA PIANO DEL PRINCIPE N242/A",Italy,,,,
Homi Milano,03/11/2022,2022,http://www.bilbaomueble.com/,DM,AIT DESK LCC,M24,9P,https://aitdesks.it/,pcassina@nwita.it,0036703917981,,"Budapest, Farras Str. 3",Hungary,,,,
Homi Milano,03/11/2022,2022,http://www.bilbaomueble.com/,DM,AGAREN SRL,D22,9P,http://www.agaren.it,amministrazione@agaren.it,0039 373 5047790,,"CALTAGIRONE (CT), C.DA POGGIARELLI SNC",Italy,,,,
Homi Milano,03/11/2022,2022,http://www.bilbaomueble.com/,DM,4YOU DESIGN SRL,,,www.wildmsg.com,info@4youdesign.it,0039 02 9746295,,"LEGNANO (MI), CORSO MAGENTA 28",Italy,,,,
Homi Milano,03/11/2022,2022,http://www.bilbaomueble.com/,DM,13 RICREA SAS DI A. MENSI & C.,,,http://www.13ricrea.com,13ricrea@13ricrea.com,0039 0142940471,0039 0142940499,"SERRALUNGA DI CREA (AL), VIA CASALE 3/BIS",Italy,,,,
Homi Milano,03/11/2022,2022,http://www.bilbaomueble.com/,DM,24Bottles Società Benefit S.r.l. a socio unico,N09,9P,http://www.24bottles.com,alice@24bottles.com,0039 051 0330500,,"VILLANOVA DI CASTENASO (BO), VIA TOSCANINI 9",Italy,,,,
Homi Milano,03/11/2022,2022,http://www.bilbaomueble.com/,DM,AUTHENTIC MODELS BV,A18 B19,11P,http://www.authenticmodels.com,sales.eu@authenticmodels.com,0031 365219191,0031 365219170,"ZEEWOLDE, AMBACHTSWEG 37",Netherlands,,,,
Homi Milano,03/11/2022,2022,http://www.bilbaomueble.com/,DM,ATLANTE,C20 D19,11P,http://www.atlantesrl.it,info@atlantesrl.it,0039 051 0959800,0039 051 758708,"CASALECCHIO DI RENO (BO), VIA 2 GIUGNO 1946 8",Italy,,,,
Homi Milano,03/11/2022,2022,http://www.bilbaomueble.com/,DM,ATELIER CARTA BIANCA,N19,9P,http://www.ateliercartabianca.it,info@ateliercartabianca.it,0039 339 6751337,,"ALESSANDRIA (AL), VIA ROMERA 4",Italy,,,,
Homi Milano,03/11/2022,2022,http://www.bilbaomueble.com/,DM,ARTINFIORE di Boschetti Maurizio,N22,9P,http://www.artinfiore.com,info@artinfiore.com,0039 347 9630047,,"FORLI' (FC), VIA CONSOLARE 44",Italy,,,,
Homi Milano,03/11/2022,2022,http://www.bilbaomueble.com/,DM,ARTEINOLIVO SRL,D20,9P,http://www.arteinolivo.com,info@arteinolivo.com,0039 339 1563524,,"SAN GIORGIO MORGETO (RC), CONTRADA CAVALIERE 10",Italy,,,,
Homi Milano,03/11/2022,2022,http://www.bilbaomueble.com/,DM,ART ARTI DELLA TAVOLA E DEL REGALO,B17,9P,http://www.art-tavolaregalo.it,segreteria@art-tavolaregalo.it,0039 02 7750254,0039 02 76013825,"MILANO (MI), CORSO VENEZIA 47",Italy,,,,
Homi Milano,03/11/2022,2022,http://www.bilbaomueble.com/,DM,ARCUCCI TRADE SRL,,,http://www.arcuccitrade.it,info@arcuccitrade.it,0039 0572 318288,0039 0572 319490,"BUGGIANO (PT), VIA DELLE PADULETTE 4/6",Italy,,,,
Homi Milano,03/11/2022,2022,http://www.bilbaomueble.com/,DM,ARTE FINO S.L.,L06 L10,11P,http://www.arte-fino.com,artefinomed@yahoo.es,0034630571764,0034962201803,"VALENCIA, CALLE ASSAGADOR DE LA TORRE 67B",Spain,,,,
Homi Milano,03/11/2022,2022,http://www.bilbaomueble.com/,DM,ANTIK ARS SRL UNIPERSONALE,F01,9P,http://www.antikars.it,stella@antikars.it,0039 030 8900650,0039 030 8900430,"SAREZZO (BS), VIA ANTONINI 111",Italy,,,,
Homi Milano,03/11/2022,2022,http://www.bilbaomueble.com/,DM,ANAMNESIA,,,https://anamnesia.gr,vassilisp@anamnesia.gr,0039 3280239892,,"METAMORPHOSI - ATTIKA, 20 ARTEMIDOS ST",Greece,,,,
Homi Milano,03/11/2022,2022,http://www.bilbaomueble.com/,DM,"AMENITY CO., Ltd",,,https://www.fwoodworking.com,shop@fujiwarawoodworking.com,+81792932277,,"HIMEJI (PREFETTURA DI HYŌGO), 3-11 NISHIYASHIRO-CHO",Japan,,,,
Homi Milano,03/11/2022,2022,http://www.bilbaomueble.com/,DM,CERAMICHE CONDO' di Condò Antonio Salvatore,F16,9P,www.ceramichecondo.it,info@ceramichecondo.it,0039 347 5175906,,"GERACE (RC), PIAZZA TRIBUNA",Italy,,,,
Homi Milano,03/11/2022,2022,http://www.bilbaomueble.com/,DM,CERAMICHE BUCCI SRL,,,http://www.ceramichebucci.com,hello@ceramichebucci.com,0039072127127,,"PESARO (PU), STRADA DELLA ROMAGNA 143",Italy,,,,
Homi Milano,03/11/2022,2022,http://www.bilbaomueble.com/,DM,CERAMICA ND DOLFI,H22,9P,http://www.nddolfi.it,info@nddolfi.it,0039 0571 541204,,"MONTELUPO FIORENTINO (FI), VIA DERUTA Z. ART. PRATELLA",Italy,,,,
Homi Milano,03/11/2022,2022,http://www.bilbaomueble.com/,DM,CENTURY CO.,,,https://www.marumo1887.com/,century@plum.ocn,0081572245353,,"TAJIMI-CITY (GIFU), 1-12-3 ICHINOKURA-CHO",Japan,,,,
Homi Milano,03/11/2022,2022,http://www.bilbaomueble.com/,DM,CENTRO DEL MUTAMENTO di Meregalli Maristella,N17,9P,http://www.arteinlegno.it,arteinlegno@arteinlegno.it,0141764141,0141763549,"BRUNO (AT), VIA MARCONI 15",Italy,,,,
Homi Milano,03/11/2022,2022,http://www.bilbaomueble.com/,DM,BRIANTINA PROFESSIONAL,,,http://www.briantina.it,info@briantina.it,0039 0375 59628,0039 0375 59602,"VIADANA (MN), VIA GIUSEPPE VERDI 15",Italy,,,,
Homi Milano,03/11/2022,2022,http://www.bilbaomueble.com/,DM,CARIOCA SPA,T09,11P,http://www.carioca.it,marketing@carioca.it,0039 011 8962411,0039 011 4785150,"SETTIMO TORINESE (TO), VIA G. VERGA 40TER",Italy,,,,
Homi Milano,03/11/2022,2022,http://www.bilbaomueble.com/,DM,CASA Y MENAJE 2015 S.L.,,,http://www.casamenaje.com,import@casamenaje.com,0034962200838,0034962200558,"L'OLLERIA, POL. IND. EL CARRASCOT, C/FUNDIDORS S/N",Spain,,,,
Homi Milano,03/11/2022,2022,http://www.bilbaomueble.com/,DM,BRAVO 1997 SRL,U22 V21,11P,,bravo1997.it@gmail.com,3664977911,,"MILANO (MI), VIA A. FIORAVANTI 28",Italy,,,,
Homi Milano,03/11/2022,2022,http://www.bilbaomueble.com/,DM,BOLZONELLA SRL,M02 N03,11P,http://www.bolzonella.it,info@bolzonella.it,0039 0429 709665,0429707079,"STANGHELLA (PD), VIA STATALE 37",Italy,,,,
Homi Milano,03/11/2022,2022,http://www.bilbaomueble.com/,DM,BLUESIDE EMOTIONAL DESIGN,E12 F11,9P,http://www.blueside-design.com,info@blueside-design.com,0039 075 3725094,,"PERUGIA (PG), VIA ROMANO DI SOPRA 2&#47;C - SAN MARTINO IN CAMPO",Italy,,,,
Homi Milano,03/11/2022,2022,http://www.bilbaomueble.com/,DM,BLOMUS GMBH,G02 H01,9P,http://www.blomus.com,info@blomus.com,0049 29338310,,"SUNDERN, ZUR HUBERTUSHALLE 4",Germany,,,,
Homi Milano,03/11/2022,2022,http://www.bilbaomueble.com/,DM,BLIND BARBER DISTRIBUTION,M09,9P,www.blindbarber.net,info@blindbarber.net,0039 342 7005024,,"UDINE (UD), VIA MALBORGHETTO 28",Italy,,,,
Homi Milano,03/11/2022,2022,http://www.bilbaomueble.com/,DM,BIZZ TECHNOLOGY SRL,C21,9P,http://www.cassigolieditions.com,l.bindi@cassigolieditions.com,0039 050 49490,,"PISA (PI), VIA CHIASSATELLO 100 - CORTE SANAC",Italy,,,,
Homi Milano,03/11/2022,2022,http://www.bilbaomueble.com/,DM,BINNEY & SMITH EUROPE LTD,P20 R19,11P,http://www.crayola.it,giofresi@libero.it,0543720997,0543721075,"FORLI (FC), VIA FIGLINE 13",Italy,,,,
Homi Milano,03/11/2022,2022,http://www.bilbaomueble.com/,DM,BAUMALU S.A,B02 B10 C01 C09,9P,https://www.baumalu.fr,info@baumalu.fr,0039 02 6686294,,"BALDENHEIM, 20, ROUTE DE SCHWOBSHEIM",France,,,,
Homi Milano,03/11/2022,2022,http://www.bilbaomueble.com/,DM,DAITOU SHINGU,,,https://daitoushingu.com/,info@daitoushingu.com,,,"KYOTO (KYOTO), 66-2 YAMADEN",Japan,,,,
Homi Milano,03/11/2022,2022,http://www.bilbaomueble.com/,DM,DAC SRL,,,http://www.dacsrl.net,dac.info@dacsrl.net,0039 0375820611,0039 0375785840,"CAVRIAGO (RE), VIA LIBERO GRASSI 4",Italy,,,,
Homi Milano,03/11/2022,2022,http://www.bilbaomueble.com/,DM,Cutting brothers,P07,9P,www.cuttingbrothers.de,wiebe.textil@gmx.de,0049 91 5233959387,,"BIELEFELD, APFELSTRASSE 245",Germany,,,,
Homi Milano,03/11/2022,2022,http://www.bilbaomueble.com/,DM,CREAZIONI CERAMICHE di Guastaveglie A. & C. SNC,M09,11P,http://www.presepiterracotta.it/,info@presepiterracotta.it,0039 075 9711635,0759711635,"DERUTA (PG), VIA DELL'ENGOBBIO 4",Italy,,,,
Homi Milano,03/11/2022,2022,http://www.bilbaomueble.com/,DM,CREATION GROSS,,,http://www.creation-gross.de,info@creation-gross.de,0049 6825 92547110,004968069514925,"HEUSWEILER-WAHLSCHIED, AUF HIRTENWIES 8",Germany,,,,
Homi Milano,03/11/2022,2022,http://www.bilbaomueble.com/,DM,CREA SRL,N08,9P,www.ideacrea.it,info@ideacrea.it,0039 0574 1581439,,"FIRENZE (FI), VIA PIER CAPPONI 69",Italy,,,,
Homi Milano,03/11/2022,2022,http://www.bilbaomueble.com/,DM,COZY LIVING,D22 E21,11P,http://www.cozyliving.dk,sales@cozyliving.dk,004578772080,,"ALLEROD, SOLVANG 6",Denmark,,,,
Homi Milano,03/11/2022,2022,http://www.bilbaomueble.com/,DM,CORDERO GIANCARLO,K10,11P,http://www.tessilia.it,gcordero47@gmail.com,0039 335 6049499,,"CHIVASSO (TO), VIA TORINO 69",Italy,,,,
Homi Milano,03/11/2022,2022,http://www.bilbaomueble.com/,DM,COOKUT,B02 B10 C01 C09,9P,www.cookut.com/it,info@mainocarlo.it,0039 02 6686294,,"CHAPONOST, 1 ROUTE DES TROQUES",France,,,,
Homi Milano,03/11/2022,2022,http://www.bilbaomueble.com/,DM,COMPAGNIA DEL VIAGGIO SRL,,,http://www.compagniadelviaggio.it,cdv@compagniadelviaggio.it,0039 055 318614,,"SESTO FIORENTINO (FI), VIA SENNA 16/18",Italy,,,,
Homi Milano,03/11/2022,2022,http://www.bilbaomueble.com/,DM,COCODOR CO. LTD.,F09,9P,http://www.cocodor.com,customer.service@cocodor.com,0039 338 9669248,0082 5048455260,"YONGIN-SI GEYONGGI-DO (-), 145-17, WANGDAM-RO,  MOHYEON-EUP, CHEOIN-GU",Republic of korea,,,,
Homi Milano,03/11/2022,2022,http://www.bilbaomueble.com/,DM,CLAYRE & EEF B.V.,E12 G19,11P,http://www.clayre-eef.com,amministrazione@lemmsrl.it,0031 0475 213241,,"PH HALEN, DE GISEL 46",Netherlands,,,,
Homi Milano,03/11/2022,2022,http://www.bilbaomueble.com/,DM,CLEARCO SRL,P12 R11,11P,http://www.clearco.it,info@clearco.it,0039 081 8081005,0039 081 8082213,"MASSA LUBRENSE (NA), VIA PONTESCURO  2",Italy,,,,
Homi Milano,03/11/2022,2022,http://www.bilbaomueble.com/,DM,CILIEGINA SULLA TORTA di Francesco Avalle,H20 K19,11P,http://www.ciliegina.sullatorta.com,ciliegina@sullatorta.com,3356277415,,"VOGHERA (PV), VIA PAOLO VERONESE 62",Italy,,,,
Homi Milano,03/11/2022,2022,http://www.bilbaomueble.com/,DM,"CHIYODA KOGYO CO., LTD",,,http://www.t-chiyoda.co.jp/,r.sugiyama@t-chiyoda.co.jp,0081561380005,,"AICHI, IWAGANE-I HARUKI TOGO-CHO AICHI-GUN",Japan,,,,
Homi Milano,03/11/2022,2022,http://www.bilbaomueble.com/,DM,FABBRO SOUVENIR SRL,B29,6P,https://www.fabbro-s.it/,info@fabbro-s.it,0039 0432 773074,,"ROMA (RM), VIA LUIGI ARNALDO VASSALLO 71",Italy,,,,
Homi Milano,03/11/2022,2022,http://www.bilbaomueble.com/,DM,EUTHALIA FRAGRANCES SRL,M19,11P,http://www.euthaliafragrances.com,info@euthaliafragrances.com,0039 010 2344774,,"GENOVA (GE), VIA TOMMASO REGGIO 10/A",Italy,,,,
Homi Milano,03/11/2022,2022,http://www.bilbaomueble.com/,DM,COSTA NOVA,E02,9P,http://www.costanova.com,info@costanova.pt,00351234798132,00351234798133,"VAGOS (-), ZONA INDUSTRIAL DE VAGOS LOTE 78",Portugal,,,,
Homi Milano,03/11/2022,2022,http://www.bilbaomueble.com/,DM,EUPHORIC SRL,E10,11P,www.euphoric-home.com,info@euphoric-home.com,0039 329 3947244,,"FIRENZE (FI), VIA LIVORNO 54&amp;amp;amp;amp;amp;#47;2",Italy,,,,
Homi Milano,03/11/2022,2022,http://www.bilbaomueble.com/,DM,ERREBI SRL,T12 T16,11P,www.riloga-errebi.it,info@riloga-errebi.it,0039 023548724,,"NOVATE MILANESE (MI), VIA DAMIANO CHIESA 37",Italy,,,,
Homi Milano,03/11/2022,2022,http://www.bilbaomueble.com/,DM,ERBOLINEA S.R.L.,K22 L23,11P,http://www.erbolinea.com,info@erbolinea.it,0039 0882 222961,0039 0882 377511,"SAN SEVERO (FG), VIA CHECCHIA RISPOLI 319 LOTTO A",Italy,,,,
Homi Milano,03/11/2022,2022,http://www.bilbaomueble.com/,DM,EMMEVI MV SPA,B20 C19,11P,http://www.emmevimv.it,info@emmevimv.com,0039 0124 32046,0039 0124 32093,"CUCEGLIO (TO), VIA MONTALENGHE 12",Italy,,,,
Homi Milano,03/11/2022,2022,http://www.bilbaomueble.com/,DM,EMBACOLLAGE A&amp;#47;S,L01,9P,http://www.embacollage.dk,gs@embacollage.it,3896683516,,"KVISTGAARD, BOEGESKOVVEJ 6",Denmark,,,,
Homi Milano,03/11/2022,2022,http://www.bilbaomueble.com/,DM,EMILE HENRY,B02 B10 C01 C09,9P,http://www.emilehenry.com,ihernandez@emilehenry.com,0039 02 6686294,0033385251338,"MARCIGNY, 13 RUE GEORGES DE VICHY",France,,,,
Homi Milano,03/11/2022,2022,http://www.bilbaomueble.com/,DM,ELVEZIA CAVAGNA ART,N16,9P,http://www.elveziacavagna.com/,info@elveziacavagna.com,0039 349 2446206,,"BONATE SOTTO (BG), VIA B. BELOTTI 37",Italy,,,,
Homi Milano,03/11/2022,2022,http://www.bilbaomueble.com/,DM,ELLEGIFT SRLS,G02 H09,11P,www.ellegift.it,infoellegitorino@gmail.com,0039 011 19821229,,"TORINO (TO), VIA SANT ANTONIO DA PADOVA 1",Italy,,,,
Homi Milano,03/11/2022,2022,http://www.bilbaomueble.com/,DM,ELLEFFE DESIGN SRL,F21,9P,http://www.lfdesignitalia.it,amministrazione@lfdesignitalia.it,0039 0323 344810,0039 0323 344816,"GRAVELLONA TOCE (VB), VIA CIRLA SNC",Italy,,,,
Homi Milano,03/11/2022,2022,http://www.bilbaomueble.com/,DM,EASY LIFE SRL,C10 D01,9P,http://www.easylifedesign.it,info@easylifedesign.it,0039 030 6850825,,"MONTICELLI BRUSATI (BS), VIA FORNACI 4/A",Italy,,,,
Homi Milano,03/11/2022,2022,http://www.bilbaomueble.com/,DM,EFFEZETA ITALIA SPA,M01,11P,www.effezetaitalia.it,info@effezetaitalia.it,0039 0824 946712,,"CASERTA (CE), VIA ERNESTO ROSSI 18",Italy,,,,
Homi Milano,03/11/2022,2022,http://www.bilbaomueble.com/,DM,EARTH WIND DESIRE,P23,9P,www.earthwindesire.com,info@earthwindesire.com,00385 981782602,,"SAMOBOR, RUDE 171B",Croatia,,,,
Homi Milano,03/11/2022,2022,http://www.bilbaomueble.com/,DM,DUE ZETA SRL,G22 H21,9P,http://www.duezeta.net,info@duezeta.net,0039 041 631779,0039 041 5952479,"MARCON (VE), VIA DELLE INDUSTRIE 106",Italy,,,,
Homi Milano,03/11/2022,2022,http://www.bilbaomueble.com/,DM,DOUBLEICE SPA,N05,9P,http://www.doubleice.com,info@doubleice.com,0039 0438 455262,,"SUSEGANA (TV), VIA DEI COLLI 108",Italy,,,,
Homi Milano,03/11/2022,2022,http://www.bilbaomueble.com/,DM,HOME FRAGRANCE ITALIA SRL,H22 K27,11P,,infomillefiori@newellco.com,0039 039 9220979,0039 039 9220943,"BERNAREGGIO (MB), VIA DEL COMMERCIO 28",Italy,,,,
Homi Milano,03/11/2022,2022,http://www.bilbaomueble.com/,DM,HOFF-INTERIEUR GmbH & Co. KG,"H02 K09, H12 K11",11P,http://www.hoff-interieur.de,info@hoff-interieur.de,00499119306029,0049911305956,"NURNBERG, WETZLARER STRASSE 26",Germany,,,,
Homi Milano,03/11/2022,2022,http://www.bilbaomueble.com/,DM,HAVILAND,E10,9P,www.roberthaviland.cparlon.com,sales@cplimoges.com,0033 619730713,0033 555047320,"LIMOGES CEDEX, 14 ANCIENNE ROUTE D'AIXE",France,,,,
Homi Milano,03/11/2022,2022,http://www.bilbaomueble.com/,DM,"HARADA TEXTILE FABRIC CO., LTD",,,https://www.harada-orimono.co.jp/en/,adomini@harada-orimono.co.jp,0081736423509,,"HASHIMOTO (WAKAYAMA), 821 NAGOSO KOUYAGUCHI-CHO",Japan,,,,
Homi Milano,03/11/2022,2022,http://www.bilbaomueble.com/,DM,GO BIG INTERNATIONAL SRLS,D22 E21,11P,https://www.go-big.it,office@go-big.it,0039 392 4673224,,"BRESSANONE (BZ), PIAZZA PARROCCHIA 6",Italy,,,,
Homi Milano,03/11/2022,2022,http://www.bilbaomueble.com/,DM,GIULIANI GIOVANNI,E21,9P,http://www.serafini-frames.it,giovanni@serafini-frames.it,0039 0583 505232,,"BAGNI DI LUCCA (LU), VIA MARCONI 6 8",Italy,,,,
Homi Milano,03/11/2022,2022,http://www.bilbaomueble.com/,DM,GIOVE ITALIA SRL,,,http://www.fuochijupiter.it,gioveitalia@fuochijupiter.it,0039 0761 360833,0039 0761 360696,"POMEZIA (RM), VIA CATILINA 1",Italy,,,,
Homi Milano,03/11/2022,2022,http://www.bilbaomueble.com/,DM,GIOVACCHINO BARNI SRL,E19,9P,http://www.giovacchinobarni.it,info@giovacchinobarni.it,0039 057262003,0039 0572617535,"MONSUMMANO TERME (PT), VIA FRANCESCA UGGIA 402",Italy,,,,
Homi Milano,03/11/2022,2022,http://www.bilbaomueble.com/,DM,GENESI GRUPPO EDITORIALE SRL,S02 T01,11P,http://www.artegenesi.it,info@artegenesi.it,0039 075 8510366,0039 075 8519126,"CITTA' DI CASTELLO (PG), VIA ROSA LUXEMBURG 4 ZI",Italy,,,,
Homi Milano,03/11/2022,2022,http://www.bilbaomueble.com/,DM,GIFT COMPANY ITALY SRL,L02 M01,9P,http://www.giftcompany.it,info@giftcompany.it,0039 051 531893,0039 051 6028088,"SAN LAZZARO DI SAVENA (BO), VIA SPERANZA 11 13 15",Italy,,,,
Homi Milano,03/11/2022,2022,http://www.bilbaomueble.com/,DM,GEFU GMBH,G10 H09,9P,www.gefu.com,mail@gefu.com,0049 2973971316,,"ESLOHE, BRAUKWEG 28",Germany,,,,
Homi Milano,03/11/2022,2022,http://www.bilbaomueble.com/,DM,GASTROLUX 2004 A/S,B02 B10 C01 C09,9P,https:/ www.gastrolux.eu/,info@mainocarlo.it,0039 026686294,,"RYOMGARD, INDUSTRIVEJ 53",Denmark,,,,
Homi Milano,03/11/2022,2022,http://www.bilbaomueble.com/,DM,G.D.R. ITALIA SRL,,,https://www.goccedirugiada.com/,centralino@goccedirugiada.com,0039 045 6763006,0039 045 6754459,"BUSSOLENGO (VR), VIA SAN CRISPINO 11-13",Italy,,,,
Homi Milano,03/11/2022,2022,http://www.bilbaomueble.com/,DM,Garpe Interiores,"G22 H25, D22 E25",11P,https://www.garpeinteriores.com/,amministrazione@lemmsrl.it,0034 925808791,,"TOLEDO, C/ TORRES QUEVEDO 275 POL. IND. TORREHIERRO TALAVERA DE LA REINA",Spain,,,,
Homi Milano,03/11/2022,2022,http://www.bilbaomueble.com/,DM,GANDERSEN SHOPPER MANUFAKTUR,F09b,9P,https://www.andersen-shopper.de/,mail@andersen-shopper.de,0049 4633 95900,,"MITTELANGEN SATRUP, CHRISTA UND GUNTER ANDERSEN WEG 1",Germany,,,,
Homi Milano,03/11/2022,2022,http://www.bilbaomueble.com/,DM,FONDACO SRL,K20,11P,www.fondacosrl.it,amministrazione@fondacosrl.it,,,"CERANESI (GE), VIA BARTOLOMEO PARODI 144B",Italy,,,,
Homi Milano,03/11/2022,2022,http://www.bilbaomueble.com/,DM,JUTE & CO. ITALIA SRL,,,http://www.juteco.it,info@juteco.it,0039 0523949606,0039 0523986272,"FIORENZUOLA D'ARDA (PC), VIA RISORGIMENTO 9",Italy,,,,
Homi Milano,03/11/2022,2022,http://www.bilbaomueble.com/,DM,JOSEPH JOSEPH GMBH,H15,9P,https://eu.josephjoseph.com/,patricia.mendez@josephjoseph.com,+44 (0)207 261 1800,,"DUESSELDORF, KONIGSALLE 92 A",Germany,,,,
Homi Milano,03/11/2022,2022,http://www.bilbaomueble.com/,DM,JOHNSON ELETTRODOMESTICI SRL,U11 U15,11P,http://www.johnson.it,com@johnson.it,0039 0331 389007,0039 0331 389007,"MARNATE (VA), VIA KENNEDY 596",Italy,,,,
Homi Milano,03/11/2022,2022,http://www.bilbaomueble.com/,DM,JAPAN PRIMAVERA DI MORELLI SARA,N20,9P,https://www.japanprimavera.it,japan.primavera@gmail.com,0039 392 0405827,,"LA SPEZIA (SP), VIA PAPIRIO PICEDI 28",Italy,,,,
Homi Milano,03/11/2022,2022,http://www.bilbaomueble.com/,DM,ITALY EXPORT – GIDIEMME S.A.S.,,,http://www.italyexport.net,info@italyexport.net,0039 039 2620010,,"MONZA (MB), VIA E. FIERAMOSCA 31",Italy,,,,
Homi Milano,03/11/2022,2022,http://www.bilbaomueble.com/,DM,"ITALIAN LIGHTING, COMPOARREDO",B30,9P,http://www.staffedit.it,staffedi@staffedit.it,0039 02 48007449,,"MILANO (MI), VIA BERNARDO DAVANZATI 5",Italy,,,,
Homi Milano,03/11/2022,2022,http://www.bilbaomueble.com/,DM,ISTAR SRL,,,http://www.naturalstyle.store,istarconsulting2000@gmail.com,0039 393 3361092,,"GALLARATE (VA), VIA LUIGI BORGHI 11",Italy,,,,
Homi Milano,03/11/2022,2022,http://www.bilbaomueble.com/,DM,INNOVA SAS di Lavezzari Alessandro e C.,D02 E01,11P,http://www.innovaliving.it,m.lavezzari@innovaliving.it,0362543048,0362576796,"VAREDO (MB), VIA STELVIO 28/30",Italy,,,,
Homi Milano,03/11/2022,2022,http://www.bilbaomueble.com/,DM,ITALIAN DECOR SRL,,,http://www.glassitaliandecor.com,info@glassitaliandecor.com,0039 081 7303102,0039 081 7367477,"ARZANO (NA), VIA DON SEBASTIANO DE ROSA 19/BIS",Italy,,,,
Homi Milano,03/11/2022,2022,http://www.bilbaomueble.com/,DM,"ISHIKAWA WIRE NETTING CO.,Ltd",,,https://www.ishikawa-kanaami.com,info@ishikawa-kanaami.com,0081338079761,,"TOKYO, 5-2-6 , ARAKAWA, ARAKAWA-KU",Japan,,,,
Homi Milano,03/11/2022,2022,http://www.bilbaomueble.com/,DM,INDIA WORLD SRL,L02,11P,http://www.indiaworldstore.com,web@indiaworldstore.com,00378 0549 961232,00378 0549 954935,"DOMAGNANO, VIA 5 FEBBRAIO 136",San Marino,,,,
Homi Milano,03/11/2022,2022,http://www.bilbaomueble.com/,DM,"IMAI DARUMA NAYA CO., LTD",,,,shop@imai.shop-pro.jp,0081273235145,,"TAKASAKI (GUNMA), KAMITOYOOKAMACHI 78",Japan,,,,
Homi Milano,03/11/2022,2022,http://www.bilbaomueble.com/,DM,IMAGINE GROUP SRL,L19,11P,http://www.lesepiciers.com,info@imaginegroupsrl.it,0039 011 6496636,0039 011 6492836,"TROFARELLO (TO), STRADA SERENE 12",Italy,,,,
Homi Milano,03/11/2022,2022,http://www.bilbaomueble.com/,DM,IL PIANETA DELLE IDEE SRL,,,http://www.ilpianetadelleidee.it,info@ilpianetadelleidee.it,0039 0742 381870,0039 0742 381870,"TREVI (PG), VIA CAVANELLA 9B",Italy,,,,
Homi Milano,03/11/2022,2022,http://www.bilbaomueble.com/,DM,IL MONDO DEI CARILLON SRL,P08 R09,11P,http://www.deicarillon.it,info@deicarillon.it,0039 0346 468198,0346468199,"APPIANO SULLA STRADA DEL VINO (BZ), VIA BOLZANO 63",Italy,,,,
Homi Milano,03/11/2022,2022,http://www.bilbaomueble.com/,DM,I BORBONE SRL,F22 G21,9P,http://www.iborbone.it,capodimonteiborbone@virgilio.it,0039 081 5402962,0039 081 7570138,"NAPOLI (NA), VIA G. ORSINI 40",Italy,,,,
Homi Milano,03/11/2022,2022,http://www.bilbaomueble.com/,DM,LES JARDINS DE LA COMTESSE,B02 B10 C01 C09,9P,,info@mainocarlo.it,0039 02 6686294,,"SEVRES, 28 BIS RUE DES FONTAINES",France,,,,
Homi Milano,03/11/2022,2022,http://www.bilbaomueble.com/,DM,LES ARTISTES PARIS,,,https://www.lesartistesparis.com/fr/,info@lesartistesparis.com,,,"Paris, 102 avenue Avenue des Champs Elysees",France,,,,
Homi Milano,03/11/2022,2022,http://www.bilbaomueble.com/,DM,LEMM SRL,"D12 E19, D22 E21",11P,https://www.lemm-srl.com/,amministrazione@lemmsrl.it,0039 030 9828070,,"CANNARA (PG), VIA SANTO STEFANO 44",Italy,,,,
Homi Milano,03/11/2022,2022,http://www.bilbaomueble.com/,DM,LAZZAROTTO SOUVENIRS SAS di LAZZAROTTO FEDERICA &,,,http://www.lazzarotto-souvenirs.it/,info@lazzarotto-souvenirs.it,0471914384,0471202758,"BOLZANO (BZ), VIA WERNER VON SIEMENS 16",Italy,,,,
Homi Milano,03/11/2022,2022,http://www.bilbaomueble.com/,DM,LAND-ART GmbH,L11,11P,,land-art@land-art.de,0049 06231 94240,00496231942424,"DANNSTADT (GERMANIA), HAUPTSTRASSE 197",Germany,,,,
Homi Milano,03/11/2022,2022,http://www.bilbaomueble.com/,DM,LAMPA SPA,,,http://www.lampa.it,info@lampa.it,0039 0375 820700,0039 0375 820840,"VIADANA (MN), VIA GUIDO ROSSA 53&amp;#47;55",Italy,,,,
Homi Milano,03/11/2022,2022,http://www.bilbaomueble.com/,DM,LAMART SRL,C20 D11,9P,http://www.lamart.it,w.montagna@lamart.it,0039 011 6408280,0039 011 6406922,"MONCALIERI (TO), VIA JUGLARIS 8",Italy,,,,
Homi Milano,03/11/2022,2022,http://www.bilbaomueble.com/,DM,LAMART SRL,B12 B20 C11 C19,9P,http://www.lamart.it,w.montagna@lamart.it,0039 011 6408280,0039 011 6406922,"MONCALIERI (TO), VIA JUGLARIS 8",Italy,,,,
Homi Milano,03/11/2022,2022,http://www.bilbaomueble.com/,DM,LA KALIGRAFICA GROUP SRL,,,http://www.lakaligrafica.com,lakaligrafica@gmail.com,0039 0321 770611,0039 0321 770611,"TRECATE (NO), CORSO ROMA 128/A",Italy,,,,
Homi Milano,03/11/2022,2022,http://www.bilbaomueble.com/,DM,L10 SRL,,,www.l10brand.com,info@l10brand.com,0039 030 2620355,,"MILANO (MI), VIA GIAN GIACOMO MORA 11/A",Italy,,,,
Homi Milano,03/11/2022,2022,http://www.bilbaomueble.com/,DM,L'OMBRA DELLE IDEE - Erio Provino,G12,11P,http://www.ombradelleidee.it,erio@ombradelleidee.it,0039 335 5419887,0039 019 489226,"ALBISSOLA MARINA (SV), VIA DELLE INDUSTRIE 226/P",Italy,,,,
Homi Milano,03/11/2022,2022,http://www.bilbaomueble.com/,DM,L'OFFICINA di Luca Peppoloni,K26,9P,http://www.lofficina.net,lofficinadiluca@gmail.com,0039 0742 301095,0039 0742 301095,"SPELLO (PG), VIA GIGLIARA 27",Italy,,,,
Homi Milano,03/11/2022,2022,http://www.bilbaomueble.com/,DM,"KOUSHI CHEMICAL INDUSTRY CO.,LTD",,,https://koushi-chem.co.jp/,company@koushi-chem.co.jp,00815036956225,,"OSAKA-SHI (OSAKA), 1-12-20, HIGASHIOBASE, HIGASHINARI-KU",Japan,,,,
Homi Milano,03/11/2022,2022,http://www.bilbaomueble.com/,DM,"KOJIMA ORIMONO CO.,LTD",,,https://www.kojima-orimono.com,info@kojima-orimono.com,0081774-86-2144,,"KIZUGAWA-SHI (KYOTO), 1-3 YAMASHIRO-CHO, KAMIKOMA, KITANODASHIBA,",Japan,,,,
Homi Milano,03/11/2022,2022,http://www.bilbaomueble.com/,DM,KLEAN KANTEEN,,,www.proacquagroup.com,info@proacqua.it,00390464425222,,"ROVERETO (TN), VIA DEL GARDA  44",Italy,,,,
Homi Milano,03/11/2022,2022,http://www.bilbaomueble.com/,DM,KIWI,U05,11P,www.kiwi-home.com,selda.polat@bmva.com.tr,0090 212 5150515,,"ISTANBUL, OSMANGAZI MAH 2644 SOK NO 3/2 KIRAU ESENYURT",Turkey,,,,
Homi Milano,03/11/2022,2022,http://www.bilbaomueble.com/,DM,MONTINI GUERINO SRL,F02,9P,http://www.montiniguerino.it,info@montiniguerino.it,0039 0308901162,0039 0308901327,"VILLA CARCINA (BS), VIA DEL LAVORO 8",Italy,,,,
Homi Milano,03/11/2022,2022,http://www.bilbaomueble.com/,DM,"MORIKOUGEI CO.,LTD",,,https://mori-kougei.com/en/,info@mori-kougei.com,008188-653-7518,,"TOKUSHIMA-SHI, 3-5-34 SUEHIRO, TOKUSHIMA-SHI, TOKUSHIMA",Japan,,,,
Homi Milano,03/11/2022,2022,http://www.bilbaomueble.com/,DM,MOJITO DESIGN S.R.L.,G15,9P,http://www.mojito-design.com,info@mojito-design.it,0039 059 462134,,"BAGGIOVARA (MO), STRADA CAVEZZO 18/B",Italy,,,,
Homi Milano,03/11/2022,2022,http://www.bilbaomueble.com/,DM,MOIRA SPEROLINI,M16,9P,www.moirasperolini.com,moira.sperolini@live.it,0039 3711738493,,"LOVERE (BG), VIA SAN FRANCESCO 23",Italy,,,,
Homi Milano,03/11/2022,2022,http://www.bilbaomueble.com/,DM,MODIGLIANI ID SRL,E20 F19,9P,http://www.modigliani.it,info@modigliani.it,0039 06 6781715,0039 06 6798257,"ROMA (RM), VIA DELLE CARROZZE 3",Italy,,,,
Homi Milano,03/11/2022,2022,http://www.bilbaomueble.com/,DM,MIZUIRO,,,https://oyasai-crayon.com/,info@mizuiroinc.com,0081177183798,,"AOMORI (AOMORI), 1-8-12. 2ND FLOOR, SHINMACHI,",Japan,,,,
Homi Milano,03/11/2022,2022,http://www.bilbaomueble.com/,DM,MISS ETOILE APS,D22 E21,11P,www.bahneandco.dk,rh@banneandco.dk,0045 88808340,,"VEJLE, KAREN BLIXENS VEJ 4",Denmark,,,,
Homi Milano,03/11/2022,2022,http://www.bilbaomueble.com/,DM,MIRHO' SRL,T21,11P,http://www.mirho.com,info@mirho.com,0039041440025,,"NOALE (VE), VIA PACINOTTI 30/E",Italy,,,,
Homi Milano,03/11/2022,2022,http://www.bilbaomueble.com/,DM,MEPRA S.P.A.,F10 G09,9P,http://www.mepra.it,mepra@mepra.it,0039 030 8921441,0039 030 8925075,"LUMEZZANE (BS), VIA VIRGILIO MONTINI 176",Italy,,,,
Homi Milano,03/11/2022,2022,http://www.bilbaomueble.com/,DM,MAXIM BOLZANO SRL,R20 S19,11P,http://maximbolzano.com,servizioclienti@maximbolzano.com,0039 0471 912333,0039 0471 503693,"LAIVES (BZ), VIA A. OLIVETTI 4",Italy,,,,
Homi Milano,03/11/2022,2022,http://www.bilbaomueble.com/,DM,MASCAGNI CASA SRL,F02 G09,11P,http://www.mascagnicasa.it,davide.cervellati@mascagnicasa.it,0516111614,0516111609,"CASALECCHIO DI RENO (BO), VIA PORRETTANA 383",Italy,,,,
Homi Milano,03/11/2022,2022,http://www.bilbaomueble.com/,DM,MARCATO SRL,F12,9P,http://www.marcato.it,marketing@marcato.it,0499200988,0499200970,"CAMPODARSEGO (PD), VIA ROSSIGNOLO 12",Italy,,,,
Homi Milano,03/11/2022,2022,http://www.bilbaomueble.com/,DM,MAINO CARLO SRL,A10 B09,9P,http://www.mainocarlo.it,romano.maino@mainocarlo.it,0039 335 251287,,"MILANO (MI), VIA G.PIAZZI 1",Italy,,,,
Homi Milano,03/11/2022,2022,http://www.bilbaomueble.com/,DM,MAINO CARLO SRL,B02 B10 C01 C09,9P,http://www.mainocarlo.it,romano.maino@mainocarlo.it,+39 335 251287,,"MILANO (MI), VIA G.PIAZZI 1",Italy,,,,
Homi Milano,03/11/2022,2022,http://www.bilbaomueble.com/,DM,MAGIMIX,B02 B10 C01 C09,9P,www.magimix.it,info@mainocarlo.it,,,"VINCENNES, 48 RUE DES VIGNERONS",France,,,,
Homi Milano,03/11/2022,2022,http://www.bilbaomueble.com/,DM,MAGIC SRL,,,http://www.magicitalia.it,info@magicitalia.it,3939222732,,"AVEZZANO (AQ), VIA A.M. TORLONIA 15",Italy,,,,
Homi Milano,03/11/2022,2022,http://www.bilbaomueble.com/,DM,OLIPHANTE di Daniela Murer & C. SNC,T05,11P,http://www.oliphante.it/,gfioretta@oliphante.eu,0039 02 90843316,0039 02 90843851,"VIGANO C.NO GAGGIANO (MI), VIA DELL'ARTIGIANATO 40",Italy,,,,
Homi Milano,03/11/2022,2022,http://www.bilbaomueble.com/,DM,"OKAMOTO ORIMONO CO.,LTD",,,https://www.okamotoorimono.com/,mail@okamotoorimono.com,00817066824650,,"KYOTO-SHI (KYOTO), 576, KODOCHO, KAMIGYO-KU",Japan,,,,
Homi Milano,03/11/2022,2022,http://www.bilbaomueble.com/,DM,OFFICINA DEL SOGNO SRLS,,,www.officinadelsogno.com,info@officinadelsogno.com,0039 075 982409,,"TORGIANO (PG), VIA BUFALORO 19 F",Italy,,,,
Homi Milano,03/11/2022,2022,http://www.bilbaomueble.com/,DM,OFFICE HARVEST,,,https://www.officeharvest.com/,info@officeharvest.com,008142-985-0084,,"HIDAKA-SHI (SAITAMA), 401-44 NAKA-KAYAMA",Japan,,,,
Homi Milano,03/11/2022,2022,http://www.bilbaomueble.com/,DM,ODG SRL,,,http://www.officinadeigiochi.com/,info@officinadeigiochi.com,0039 044 5361574,0039 044 5369936,"VICENZA (VI), CONTRA' DELLE CANOVE  9",Italy,,,,
Homi Milano,03/11/2022,2022,http://www.bilbaomueble.com/,DM,NYDEL,B02 B10 C01 C09,9P,www.nydel-france.it,info@mainocarlo.it,0039 02 6686294,,"CAMBRAI, 70 RUE DE DONAI",France,,,,
Homi Milano,03/11/2022,2022,http://www.bilbaomueble.com/,DM,NUOVO CENTRO CASALINGHI SRL,,,http://www.centrocasalinghi.com,vincenzodicastri@centrocasalinghi.com,0831819884,0831819885,"FRANCAVILLA FONTANA (BR), VIA CAPITANO DI CASTRI 56",Italy,,,,
Homi Milano,03/11/2022,2022,http://www.bilbaomueble.com/,DM,NUOVA COLI' SRL,F20 G19,9P,http://www.nuovacoli.it,info@nuovacoli.it,0039 0836 545079,,"CUTROFIANO (LE), S.P. 49 CUTROFIANO-CORIGLIANO D'OTRANTO (Z.I.)",Italy,,,,
Homi Milano,03/11/2022,2022,http://www.bilbaomueble.com/,DM,NUOC,,,https://www.nuoclife.com/,info@nuoclife.com,,,"GUIPUZCOA, PLAZA GIUSEPPE VERDI 6 7° A 20014 SAN SEBASTIAN GUIPUZCOA",Spain,,,,
Homi Milano,03/11/2022,2022,http://www.bilbaomueble.com/,DM,NOI SRL,D12 E11,9P,http://www.mopita.it,info@mopita.it,0307704824,0307249225,"ROVATO (BS), VIA ROMA 2/1-2/2",Italy,,,,
Homi Milano,03/11/2022,2022,http://www.bilbaomueble.com/,DM,NITTA TEXTILE ARTS INC,,,https://nitta-yonezawa.com/,press@nitta-yonezawa.com,00810238237717,,"YONEZAWA CITY (YAMAGATA), 2CHOME -3-36 MATSUGASAKI",Japan,,,,
Homi Milano,03/11/2022,2022,http://www.bilbaomueble.com/,DM,"NIHON RIKAGAKU INDUSTRY CO.,LTD",,,https://kitpas.com/en/,s-oyama@rikagaku.co.jp,0081448114121,,"KAWASAKI CITY (KANAGAWA), 2-15-10 KUJI, TAKATSU-KU",Japan,,,,
Homi Milano,03/11/2022,2022,http://www.bilbaomueble.com/,DM,NEW BUSINESS MEDIA SRL,C27,9P,http://www.newbusinessmedia.it/,commerciale@newbusinessmedia.it,0039 02929841,,"MILANO (MI), VIA ERITREA  21",Italy,,,,
Homi Milano,03/11/2022,2022,http://www.bilbaomueble.com/,DM,NUVOLE DI STOFFA,,,http://www.nuvoledi stoffa.it,info@nuvoledistoffa.it,0039 049 9004475,0039 049 5915587,"PADOVA (PD), VIA PIOVEGHETTO 12",Italy,,,,
Homi Milano,03/11/2022,2022,http://www.bilbaomueble.com/,DM,NEW DIFFUSION SRL,,,http://www.rbdiffusion.it,info@rbdiffusion.it,0039 0744 630590,0039 0744 630218,"SAN GEMINI (TR), VIA COLLATRAVE 5",Italy,,,,
Homi Milano,03/11/2022,2022,http://www.bilbaomueble.com/,DM,POMME PIDOU,D22 E21,11P,http://www.pommepidouretail.com,sales@pommepidou.com,0032 50322250,0032 51319650,"BRUGGE, PATHOEKE WEG 9B/11",Belgium,,,,
Homi Milano,03/11/2022,2022,http://www.bilbaomueble.com/,DM,PLASTIKEN SLU,V12 Z19,11P,https://www.plastiken.com/,info@plastiken.com,,,"PALOMAR, Avda. de Valencia, 3",Spain,,,,
Homi Milano,03/11/2022,2022,http://www.bilbaomueble.com/,DM,Plastika Skaza d.o.o.,,,http://www.plastika-skaza.si,anja.damjanovic@skaza.com,0038638963600,,"VELENJE, SELO 20A",Slovenia,,,,
Homi Milano,03/11/2022,2022,http://www.bilbaomueble.com/,DM,"PLASTDIVERSITY, LDA",,,www.plastdiversity.com,geral@plastdiversity.com,00351 961701585,,"MARINHA DAS ONDAS, RUA DOS ALENTOJEIROS N136 AP4",Portugal,,,,
Homi Milano,03/11/2022,2022,http://www.bilbaomueble.com/,DM,PLANTES E PARFUMS,D22 E21,11P,www.agape-group.fr,contact@agape-group.fr,0033 490 100578,,"SABLET, 230 CHEMIN DE CAIRANNE Z.A  LE CAMP BERNARD",France,,,,
Homi Milano,03/11/2022,2022,http://www.bilbaomueble.com/,DM,PLANTUI ITALIA di Stefano Ghesini,G20,9P,http://www.plantui-italia.it,info@plantui-italia.it,0039 0522 1481663,,"REGGIO EMILIA (RE), VIA GIAN BATTISTA ISACCHI 4",Italy,,,,
Homi Milano,03/11/2022,2022,http://www.bilbaomueble.com/,DM,PIXELSODA,,,,victor.vezi@pixelsoda.co.za,+27833918927,,"Sandton, Soho Junction Haven Rd & Poplar Ave, Broadacres,",South africa,,,,
Homi Milano,03/11/2022,2022,http://www.bilbaomueble.com/,DM,PIU' FORTY SRL,K09,9P,http://www.piuforty.com,info@piuforty.com,0574968599,,"PRATO (PO), VIALE VITTORIO VENETO 60",Italy,,,,
Homi Milano,03/11/2022,2022,http://www.bilbaomueble.com/,DM,PICA' DI SCHWAB VALENTINA GIULIA SAS,M21,9P,http://www.picalab.it,angelificio@gmail.com,0039 339 8375993,,"COAZZE (TO), BORGATA TRUCETTO 23",Italy,,,,
Homi Milano,03/11/2022,2022,http://www.bilbaomueble.com/,DM,PETRI FIRENZE di Simone Petri,E22,9P,http://www.petrifirenze.com,info@petrifirenze.com,0039 055 8217855,0039 055 8217855,"SAN CASCIANO VAL DI PESA (FI), VIA CARLO LEVI 18",Italy,,,,
Homi Milano,03/11/2022,2022,http://www.bilbaomueble.com/,DM,OMS DEI F.LLI MAINA SPA,T10 U09,11P,https://www.omsbesser.com/,oms@omsbesser.com,0039 02 959311,,"VIGNATE (MI), S.P. RIVOLTANA 46/48",Italy,,,,
Homi Milano,03/11/2022,2022,http://www.bilbaomueble.com/,DM,PESCARISSI ART DECO' - FIRENZE,,,http://www.pescarissiartdeco.it,info@pescarissiartdeco.it,0039 055 757199,0039 055 757199,"SCANDICCI (FI), VIA DEI PRATONI 7",Italy,,,,
Homi Milano,03/11/2022,2022,http://www.bilbaomueble.com/,DM,PBS-EURO-SERVICE SRL GMBH,N12,9P,https://www.pbs-euro-service.com/,info@pbs-euro-service.com,0039 0471 818681,,"LAGHETTI DI EGNA (BZ), VIA REIF 7",Italy,,,,
Homi Milano,03/11/2022,2022,http://www.bilbaomueble.com/,DM,PARLANE LIVING LTD,D22 E21,11P,https://www.parlane.co.uk/,welcome@parlane.co.uk,0044 145812700,,"BOURTON-ON-THE-WATER GLOUCESTERSHIRE, UNIT J\BOURTON INDUSTRIAL PARK",United Kingdom,,,,
Homi Milano,03/11/2022,2022,http://www.bilbaomueble.com/,DM,PARKWOOD SPRINGS,,,www.parkwood-springs.com,info@parkwood-springs.com,0044 114 6980120,,"SHEFFIELD, 189  191 RUTLAND ROAD",United Kingdom,,,,
Homi Milano,03/11/2022,2022,http://www.bilbaomueble.com/,DM,PAOLO CHIARI SRL,,,http://www.paolochiari.it,flho@paolochiari.it,0039 011 19231154,0039 011 9885593,"CHIVASSO (TO), VIA DEI CARABINIERI 10",Italy,,,,
Homi Milano,03/11/2022,2022,http://www.bilbaomueble.com/,DM,SCHLITTLER & CO. AG,C22 D27,11P,https://www.schlittler.com,gallus.faller@schlittler.com,0041 41 818 60 60,,"SEEWEN SZ, FRANZOSENSTRASSE 76",Switzerland,,,,
Homi Milano,03/11/2022,2022,http://www.bilbaomueble.com/,DM,SAKART LTD.,,,www.sakart.bg,sakart.art@gmail.com,00359 87775 3383,,"PLOVDIV, KALEKOVETS NIKOLA PETKOV 16",Bulgaria,,,,
Homi Milano,03/11/2022,2022,http://www.bilbaomueble.com/,DM,ROYAL FAMILY SRL,A22 A30 B21 B29,9P,http://www.royalfamilysheffield.com,royal@royalfamily.it,0039 06 52169760,0039 06 52318603,"ROMA (RM), VIA DI SAPONARA 662",Italy,,,,
Homi Milano,03/11/2022,2022,http://www.bilbaomueble.com/,DM,ROSANGELA SIRIO,C22,9P,www.sirio.it,mrsiriolampedusa@gmail.com,0039 331 9838712,,"LAMPEDUSA (AG), VIA ROMA 63",Italy,,,,
Homi Milano,03/11/2022,2022,http://www.bilbaomueble.com/,DM,ROSA CHIC HOME FRAGRANCE,L17,11P,www.rosachichomefragrance.com,info@rosachichomefragrance.com,0039 392 6462024,,"LIMONE PIEMONTE (CN), VIA G.B. MORENA 2B",Italy,,,,
Homi Milano,03/11/2022,2022,http://www.bilbaomueble.com/,DM,RHOECO,,,http://rhoeco.com/,,,,"THESSALONIKI, 150 PAPANIKOLAOU AVENUE",Greece,,,,
Homi Milano,03/11/2022,2022,http://www.bilbaomueble.com/,DM,REMEMBER,H02 K01,9P,www.remember.de,info@remember.de,0049 2151 623390,+49 (0) 21 51 - 6 23 39- 11,"Krefeld, Nauenweg 36",Germany,,,,
Homi Milano,03/11/2022,2022,http://www.bilbaomueble.com/,DM,REGIONE DEL VENETO,G30 H29,9P,www.veneto.eu,,,,"VENEZIA (VE), PALAZZO BALBI - DORSODURO 3901",Italy,,,,
Homi Milano,03/11/2022,2022,http://www.bilbaomueble.com/,DM,RECA PLAST SRL,U12 V13,11P,www.recaplast.it,info@recaplast.it,0039 071 7231208,0039 071 716940,"OSIMO (AN), VIA DELL'ARTIGIANATO,15",Italy,,,,
Homi Milano,03/11/2022,2022,http://www.bilbaomueble.com/,DM,REBIRTH CERAMICS,D02,9P,www.rebirth-ceramics.it,ceramicheml@ceramicheml.it,0039 0444 668436,0039 0444 668077,"POZZOLEONE (VI), VIA PONTE DELLA VITTORIA 7",Italy,,,,
Homi Milano,03/11/2022,2022,http://www.bilbaomueble.com/,DM,RBV BIRKMANN GMBH &amp;amp; CO.KG,G01,9P,http://www.birkmann.de,export@birkmann.de,00495201661690,,"HALLE, HEGELSTRASSE 15",Germany,,,,
Homi Milano,03/11/2022,2022,http://www.bilbaomueble.com/,DM,RASTELLI GIFT SRL,,,http://www.rastelligift.com,rastelligiftsrl@gmail.com,0549997656,0549997228,"FIORENTINO, VIA FOSSO DELLA RUPE 20  Z.A. MURATA",San Marino,,,,
Homi Milano,03/11/2022,2022,http://www.bilbaomueble.com/,DM,QUADRI TOSCANA SRL,,,www.dekortoscana.it,silvio@dekortoscana.it,0039 0575 550274,,"CASTEL SAN NICCOLO' (AR), BORGO S.C. LA VILLA",Italy,,,,
Homi Milano,03/11/2022,2022,http://www.bilbaomueble.com/,DM,PUCKATOR SRL,R02 S09,11P,http://www.puckator.it,amministrazione@puckator.it,0039 011 280406,,"ASTI (AT), VIA COMENTINA 38",Italy,,,,
Homi Milano,03/11/2022,2022,http://www.bilbaomueble.com/,DM,PROTOCOL S.L.,P11,9P,http://www.webprotocol.com,gemma@webprotocol.com,0034 972421911,0034972421821,"SANT JULIA DE LLOR I BONMATI GIRONA, C/MOLI 2",Spain,,,,
Homi Milano,03/11/2022,2022,http://www.bilbaomueble.com/,DM,PROMORF DIFFUSION,G20,11P,http://www.aulica.fr,alessio@cdbranding.it,0039 347 2826964,,"AUBAGNE, 207 RUE DE LENCHE",France,,,,
Homi Milano,03/11/2022,2022,http://www.bilbaomueble.com/,DM,TESSUTO ARTISTICO UMBRO di Valecchi Emanuela,,,http://www.tessutoartisticomontefalco.com,tau-montefalco1@libero.it,0039 0742 378919,0039 0742 378919,"MONTEFALCO (PG), CORSO MAMELI 8",Italy,,,,
Homi Milano,03/11/2022,2022,http://www.bilbaomueble.com/,DM,TERRE DI SCIROCCO,H24 K23,9P,http://www.terrediscirocco.it,info@terrediscirocco.it,0039 081 3419843,,"NAPOLI (NA), VIA CUPA SANT'ANIELLO 96",Italy,,,,
Homi Milano,03/11/2022,2022,http://www.bilbaomueble.com/,DM,TE' PER DUE di Giorgio G. Soldi,N02,9P,http://www.teperdue.it,teperdue@tiscali.it,0039 335 5474341,0039 0372 30500,"PIEVE D'OLMI (CR), VIA TIDOLO 5",Italy,,,,
Homi Milano,03/11/2022,2022,http://www.bilbaomueble.com/,DM,Tanabe Corporation,,,https://www.tanabeco.com/,tessen@tanabeco.com,+810852611460,,"MATSUE (SHIMANE), YONAGO-MACHI 55",Japan,,,,
Homi Milano,03/11/2022,2022,http://www.bilbaomueble.com/,DM,TAITÙ Milano,D10 E09,9P,http://www.taitu.it/,taituitalia@taitu.it,0039 02 90780606,,"CORMANO (MI), VIALE BORROMEO 2",Italy,,,,
Homi Milano,03/11/2022,2022,http://www.bilbaomueble.com/,DM,"TAISEI CO., LTD.",,,https://www.taisei-shiki.jp/,info@taisei-shiki.jp,+81667830331,,"HIGASHIOSAKA (OSAKA), 1-3-2 TAKAIDANISHI",Japan,,,,
Homi Milano,03/11/2022,2022,http://www.bilbaomueble.com/,DM,SUSA FACTORY,N11,9P,www.susafactory.it,info@susafactory.com,0039 349 5329704,,"TREMEZZINA (CO), VIA DEI CACCIATORI 11",Italy,,,,
Homi Milano,03/11/2022,2022,http://www.bilbaomueble.com/,DM,STILE NORDICO SRL,E02 F01,11P,http://www.stilenordico.it,info@stilenordico.it,0039 049 9471851,0039 049 9479960,"TOMBOLO (PD), VIA PERARO 55",Italy,,,,
Homi Milano,03/11/2022,2022,http://www.bilbaomueble.com/,DM,STELTON A/S,B02 B10 C01 C09,9P,http://www.stelton.com,,0045 396 230552,,"KOBENHAVN, CHRISTIANSHAVNS KANAL 4",Denmark,,,,
Homi Milano,03/11/2022,2022,http://www.bilbaomueble.com/,DM,SPOT CLUB SAS,T22,11P,http://www.spotclub.it,ordini@spotclub.it,0039 081 8743925,0818743378,"S. ANTONIO ABATE (NA), VIA CASA ANIELLO 26",Italy,,,,
Homi Milano,03/11/2022,2022,http://www.bilbaomueble.com/,DM,SOFIA LA MAIOLICA CALATINA SNC,B22,9P,http://www.ceramichesofia.it,info@ceramichesofia.it,0039 0933 31657,093331657,"CALTAGIRONE (CT), VIA BALCHINO 16 BIS",Italy,,,,
Homi Milano,03/11/2022,2022,http://www.bilbaomueble.com/,DM,SILKOW,M15,11P,https://silkow.com/,info@silkow.com,3494047282,,"TREBASELEGHE (PD), VIA MONTELLO 55",Italy,,,,
Homi Milano,03/11/2022,2022,http://www.bilbaomueble.com/,DM,Shiozawa Kougei Ltd.,,,https://www.shiozawa.jp/,info@shiozawa.jp,+81265486047,,"TAKAMORI (NAGARO), YAMABUKI, 977",Japan,,,,
Homi Milano,03/11/2022,2022,http://www.bilbaomueble.com/,DM,"SHINTO TOWEL CO.,LTD",,,https://shinto-towel.jp/,takashi@shinto-towel.jp,+81724680777,,"IZAMI SANO (OSAKA), HINENO, 2577-1",Japan,,,,
Homi Milano,03/11/2022,2022,http://www.bilbaomueble.com/,DM,"SHIMADA SEISAKUSHO CO., LTD",,,https://k-shimada-ss.com/english/,info@k-shimada-ss.com,+81273225526,,"TAKASAKI (GUNMA), FUTABA-CHO 11-17",Japan,,,,
Homi Milano,03/11/2022,2022,http://www.bilbaomueble.com/,DM,"SHIMA SANGYO CO.,LTD",,,https://www.parisparis.jp/en/,kurumi@shimasangyo.co.jp,+81 875-63-8701,,"KANONJI (KAGAWA), NAKATAI-TOWN 1",Japan,,,,
Homi Milano,03/11/2022,2022,http://www.bilbaomueble.com/,DM,VITAKRAFT ITALIA SPA,,,http://www.vitakraft.it,info@vitakraft.it,0039 0759 65601,0039 0759 656020,"CASTIGLIONE DEL LAGO (PG), VIA PIANA 4",Italy,,,,
Homi Milano,03/11/2022,2022,http://www.bilbaomueble.com/,DM,VINTIUN 1964 SL,N10 P09,9P,https://www.vintiun.it/,comercial@vintiun.com,0034 938 391 211,,"NAVAS BARCELONA, CARRETERA DE BERGA 14",Spain,,,,
Homi Milano,03/11/2022,2022,http://www.bilbaomueble.com/,DM,VIANATECE ARTESANATO TECELAGEM LDA,D22 E21,11P,http://www.vianatece.pt,vianatece@vianatece.pt,00351 2 58350110,00351 2 58350115,"NEIVA, ZONA INDUSTRIAL 2 FASE",Portugal,,,,
Homi Milano,03/11/2022,2022,http://www.bilbaomueble.com/,DM,VERY WONDER,L27,9P,www.verywonder.com,chiaraveri@verywonder.com,3886123686,,"SAN VITO CHIETINO (CH), VIA PANORAMICA 14A",Italy,,,,
Homi Milano,03/11/2022,2022,http://www.bilbaomueble.com/,DM,VECA SPA,H10,9P,http://www.vecaspa.com,info@vecaspa.com,0444790328,0444790378,"ALBETTONE (VI), VIA DELL'ARTIGIANATO, 8",Italy,,,,
Homi Milano,03/11/2022,2022,http://www.bilbaomueble.com/,DM,VANNI PRATESI ROGAI SNC di Rogai Leonardo e C.,G23,9P,www.vprfirenze.it,info@vprfirenze.it,0039 055 7310527,0039 055 9900142,"SCANDICCI (FI), VIA STAGNACCIO BASSO 30/C",Italy,,,,
Homi Milano,03/11/2022,2022,http://www.bilbaomueble.com/,DM,URBAN.ITY SRL,N14,9P,www.urbanity.it,info@urbanity.it,0039 338 8656053,,"MILANO (MI), VIA BORROMEI 2",Italy,,,,
Homi Milano,03/11/2022,2022,http://www.bilbaomueble.com/,DM,UNO S.R.L.,C12 D11,11P,www.unocasadesign.it,commerciale@unocasa.net,0039 02 33501937,,"MILANO (MI), VIA NERINO, 8",Italy,,,,
Homi Milano,03/11/2022,2022,http://www.bilbaomueble.com/,DM,TRIAD INC,,,https://www.triad-japan.com/,info@triad-japan.com,+81664735800,,"OSAKA (OSAKA), MITEJIMA, NISHIYODOGAWAKU 2-18-25",Japan,,,,
Homi Milano,03/11/2022,2022,http://www.bilbaomueble.com/,DM,"TOYO STEEL CO.,LTD",,,https://www.toyosteel.jp/,otoiawase@toyosteel.jp,+81729643181,,"HIGASHI OSAKA (OSAKA), KANOU 4-8-13",Japan,,,,
Homi Milano,03/11/2022,2022,http://www.bilbaomueble.com/,DM,"TOTTO – UNCONDITIONAL PARTNERS, S.L.",,,www.totto.es,distribucion@totto.es,0034 911233171,,"MADRID (PINTO), CALLE COTO DE DONANA 14",Spain,,,,
Homi Milano,03/11/2022,2022,http://www.bilbaomueble.com/,DM,TOTAL JUGGLING SRL,M02,9P,http://www.i-total.it,info@i-total.it,0039 041 4567529,0039 041 5953196,"MARCON (VE), VIA E. MATTEI 1C",Italy,,,,
Homi Milano,03/11/2022,2022,http://www.bilbaomueble.com/,DM,TOSCANA DESIGN SRL,D21,9P,www.toscana-design.com,info@toscana-design.com,0039 0575 550692,,"CASTEL SAN NICCOLO' (AR), VIA CS LA VILLA 35",Italy,,,,
Homi Milano,03/11/2022,2022,http://www.bilbaomueble.com/,DM,TOTAL JUGGLING SRL,M10,9P,http://www.i-total.it,info@i-total.it,0039 041 4567529,0039 041 5953196,"MARCON (VE), VIA E. MATTEI 1C",Italy,,,,
Homi Milano,03/11/2022,2022,http://www.bilbaomueble.com/,DM,"TOMIOKA SHOTEN CO.,LTD",,,https://tomioka-shoten.co.jp/,kaba@tomioka-shoten.co.jp,+81187563239,,"DAISEN (AKITA), AZA-KUMANO, KAMI-UGUISUNO 71-3",Japan,,,,
Homi Milano,03/11/2022,2022,http://www.bilbaomueble.com/,DM,"ZOOM-T.,LTD",,,https://betta.jp/,support@betta.co.jp,+81334865300,,"MINATO-KU (TOKYO), MINAMI-AOYAMA 5-6-10",Japan,,,,
Homi Milano,03/11/2022,2022,http://www.bilbaomueble.com/,DM,ZANCONI SRL,L12,11P,http://www.zanconi.it,info@zanconi.it,0039 0733 616256,0039 0733 616803,"CINGOLI (MC), VIA PERGOLESI SCN",Italy,,,,
Homi Milano,03/11/2022,2022,http://www.bilbaomueble.com/,DM,TooA,H11,9P,www.tooa.com,info@tooa.com,0039 0732 1910755,,"FABRIANO (AN), VIA GIOVANNI PASCOLI 2",Italy,,,,
Homi Milano,03/11/2022,2022,http://www.bilbaomueble.com/,DM,ZAJC DESIGN,,,www.lukazajc.com,aljaz@lukazajc.com,00386 68186194,,"SKOFJA LOKA, POD PLEVNO 55",Slovenia,,,,
Homi Milano,03/11/2022,2022,http://www.bilbaomueble.com/,DM,ZAFFERANO S.R.L.,A02 B03,9P,http://www.zafferanoitalia.com,info@zafferanoitalia.com,0039 0422 470344,0039 0422 470400,"QUINTO DI TREVISO (TV), VIALE DELL'INDUSTRIA 26",Italy,,,,
Homi Milano,03/11/2022,2022,http://www.bilbaomueble.com/,DM,YAMAMOTO FARM CORPORATION,,,https://www.yamamotofarm.co.jp/en/,info@yamamotofarm.co.jp,+81274634566,,"TOMIOKA CITY (GUNMA), ICHINOMIYA 1447",Japan,,,,
Homi Milano,03/11/2022,2022,http://www.bilbaomueble.com/,DM,"YAMADA SEN-I CO.,LTD",,,https://www.musubi-furoshiki.com/,musubi-b@ymds.co.jp,+81752560123,,"KYOTO (KYOTO), NIJO MINAMI IRU KASHIRAI-CHO 18",Japan,,,,
Homi Milano,03/11/2022,2022,http://www.bilbaomueble.com/,DM,YALOS MURANO SRL,B02 B10 C01 C09,9P,,estero@yalosmurano.it,,,"TREVISO (TV), VIA MARZABOTTO 5",Italy,,,,
Homi Milano,03/11/2022,2022,http://www.bilbaomueble.com/,DM,"Y.S.M CO.,LTD",,,https://www.ysm-products.jp/,info@k-ysm.co.jp,+81489983610,,"YASHIO (SAITAMA), 2 CHOME 342-1",Japan,,,,
Homi Milano,03/11/2022,2022,http://www.bilbaomueble.com/,DM,WRENDALE DESIGNS,,,https://www.wrendaledesigns.co.uk/,info@wrendaledesigns.co.uk,0044 01652 680253,,"BRIGG NORTH LINCOLNSHIRE, UNIT 6 STATION ROAD",United Kingdom,,,,
Homi Milano,03/11/2022,2022,http://www.bilbaomueble.com/,DM,WOSDE,G15 H12,4P,http://www.wosde.it,info@wosde.it,+39 05721976714,,"PESCIA (PT), VIA LUCCHESE 22",Italy,,,,
Homi Milano,03/11/2022,2022,http://www.bilbaomueble.com/,DM,WOODYLAMP,P15,9P,www.woodylamp.it,info@woodylamp.it,,,"MILANO (MI), VIA MONCALVO 5",Italy,,,,
Homi Milano,03/11/2022,2022,http://www.bilbaomueble.com/,DM,"WESTY INDUSTRIES CO.,LTD",,,https://westy-industries.jp/,westys@titan.ocn.ne.jp,+81749422155,,"ECHI-GUN (SHIGA), ICHI AISHO-CHO 110",Japan,,,,
Homi Milano,03/11/2022,2022,http://www.bilbaomueble.com/,DM,WALLY 1925,L20,11P,http://www.wallycosmetici.com,info@wally1925.com,0039 0574 652717,,"MONTEMURLO (PO), VIA ANDREA DELLA ROBBIA 21",Italy,,,,
Homi Milano,03/11/2022,2022,http://www.bilbaomueble.com/,DM,WALKING-STICKS SRL,C23,9P,http://www.walking-sticks.eu,info@walking-sticks.eu,0039 0434 640370,0039 0434 640362,"FIUME VENETO (PN), VIA ENRICO DA FIUME 25A",Italy,,,,
Homi Milano,03/11/2022,2022,http://www.bilbaomueble.com/,DM,VORWERK ITALIA SAS,T08,11P,https://folletto.vorwerk.it/,customercare@vorwerk.it,0039 02 334891,0039 02 33400634,"MILANO (MI), VIA LUDOVICO DI BREME 33",Italy,,,,
Homi Milano,03/11/2022,2022,http://www.bilbaomueble.com/,DM,VOLONTARI SRL,L10,9P,www.feellab.it,federica.passoni@feellab.it,0039 349 1514607,,"MILANO (MI), VIA VINCENZO VIVIANI 8",Italy,,,,
Homi Milano,03/11/2022,2022,http://www.bilbaomueble.com/,DM,TIMSTOR NV,P26 S29,11P,http://www.timstor.com,info@timstor.com,003214673461,003214673462,"ARENDONK (-), HOGE MAUW 1040",Belgium,,,,
Homi Milano,03/11/2022,2022,http://www.bilbaomueble.com/,DM,THUN SPA,A12 B11,9P,https://www.thun.com/,daria.pusceddu@thun.it,0039 0471 245111,,"BOLZANO (BZ), VIA GALVANI 29",Italy,,,,
Homi Milano,03/11/2022,2022,http://www.bilbaomueble.com/,DM,Therapi,P19,9P,,therapistore@gmail.com,0039 340 2859433,,"ROMA (RM), VIA TANCREDI CARTELLA 37",Italy,,,,
Homi Milano,03/11/2022,2022,http://www.bilbaomueble.com/,DM,SHANG ZHAN SRL,,,WWW.SHANGZHAN-CONSULTANT.COM,szconsulenza2021@gmail.com,0039 366 8735492,,"SAN FELICE SUL PANARO (MO), VIA DELLA REPUBBLICA 132",Italy,,,,
Homi Milano,03/11/2022,2022,http://www.bilbaomueble.com/,DM,SEVITEX SRL,B12 C11,11P,www.sevitex.com,info@sevitex.com,0039 06 8121789,,"ROMA (RM), VIA DI VILLA SPADA 8",Italy,,,,
Homi Milano,03/11/2022,2022,http://www.bilbaomueble.com/,DM,SEQUENZE SRL,,,http://www.sequenze.eu,info@sequenze.eu,0039 0733 966546,0039 0733 977267,"POLLENZA (MC), VIA ENRICO MATTEI 13",Italy,,,,
Homi Milano,03/11/2022,2022,http://www.bilbaomueble.com/,DM,SEI ROTA & C.  SRL,S06,11P,www.seirota.it,order@seirota.it,0039 02 95420161,,"LISCATE (MI), VIA MILANO 19&amp;#47;23",Italy,,,,
Homi Milano,03/11/2022,2022,http://www.bilbaomueble.com/,DM,PRODIA INC,,,https://rainbowstick777.com/,prodia@sky.bbexcite.jp,,,"KIRYU (GUNMA), 1-2-24 TUTUMICHO",Japan,,,,
Homi Milano,03/11/2022,2022,http://www.bilbaomueble.com/,DM,PRESENT TIME,D22 E21,11P,http://www.presenttime.com,amministrazione@studiosacef.it,0031365358888,0031365358800,"ALMERE, TELEVISIEWEG 60",Netherlands,,,,
Homi Milano,03/11/2022,2022,http://www.bilbaomueble.com/,DM,PPD PAPERPRODUCTS DESIGN GmbH,G11,9P,www.ppd.de,info@ppd.de,+49 2225 993539,,"MECKENHEIM, AM AMBUCH 4",Germany,,,,
Homi Milano,03/11/2022,2022,http://www.bilbaomueble.com/,DM,POP UP MEDIA SRL,D29,9P,www.popupmedia.it,info@promotionmagazine.it,0039 02 36593281,,"MILANO (MI), VIA ELEUTERIO PAGLIANO 3",Italy,,,,
Homi Milano,03/11/2022,2022,http://www.bilbaomueble.com/,DM,"PANTHEM CO.,LTD",,,https://pampshade.com/,yukiko.m@panthem.jp,+8178 5997480,,"KOBE (HYGO), NISHITAMONDORI,HYGO-KU 1-3-6-1F",Japan,,,,
Homi Milano,03/11/2022,2022,http://www.bilbaomueble.com/,DM,PANETTA CASALINGHI DI PANETTA ANTONIO,E15,9P,http://www.panettacasalinghi.it,panettacasalinghi@libero.it,0323866206,0323642748,"OMEGNA (VB), VIA VERTA 100/B",Italy,,,,
Homi Milano,03/11/2022,2022,http://www.bilbaomueble.com/,DM,ORCHIDEA S.R.L.,B02 C09,11P,http://www.orchideamilano.it,orchideamilano.paolo@gmail.com,0039 02 45867338,0039 02 45867378,"CORSICO (MI), VIA LEONARDO DA VINCI, 32",Italy,,,,
Homi Milano,03/11/2022,2022,http://www.bilbaomueble.com/,DM,OPINEL,B02 B10 C01 C09,9P,http://www.opinel.com,info@mainocarlo.it,0039 02 6686294,,"CHAMBERY, 508 BOULEVARD HENRY BORDEAUX",France,,,,
Homi Milano,03/11/2022,2022,http://www.bilbaomueble.com/,DM,"ONOSENSAISHO,LTD",,,https://ebisuyaonosen.wixsite.com/website-3,ebisuya_ono_sen@yahoo.co.jp,+81 196524116,,"MORIOKA (IWATE), ZAIMOKUCHO 10-16",Japan,,,,
Homi Milano,03/11/2022,2022,http://www.bilbaomueble.com/,DM,NATIVA FRAGRANCES,N21,11P,www.profumiagroup.com,info@profumiagroup.com,351 5966933,,"Milano (MI), 80 Viale Monte Nero",Italy,,,,
Homi Milano,03/11/2022,2022,http://www.bilbaomueble.com/,DM,MYLUNA SRL,,,http://www.ladyvenezia.com,info@mylunasrl.com,0039 0444 240830,,"BOLZANO VICENTINO (VI), VIA VOLTA 2",Italy,,,,
Homi Milano,03/11/2022,2022,http://www.bilbaomueble.com/,DM,MV CERAMICS DI CARLO CHIARI,M20,9P,www.mv-ceramisdesigni.it,,0039 349 0679815,,"MILANO (MI), VIA ALZAIA NAVIGLIO GRANDE 156",Italy,,,,
Homi Milano,03/11/2022,2022,http://www.bilbaomueble.com/,DM,MORONI GOMMA SRL,K10 L09,9P,http://www.moronigomma.it,info@moronigomma.it,0039 02 796220,0039 02 76000930,"MILANO (MI), VIA DELLA MOSCOVA 40",Italy,,,,
Homi Milano,03/11/2022,2022,http://www.bilbaomueble.com/,DM,LUCCARDA GIANFRANCO,S10,11P,http://www.luccarda.it,luccarda@luccarda.it,0444905523,0444905417,"CALDOGNO (VI), VIA ROMA 37",Italy,,,,
Homi Milano,03/11/2022,2022,http://www.bilbaomueble.com/,DM,LUBEX SPA,,,www.lubex.it,info@lubex.it,0039 02 2651551,,"VIMODRONE (MI), VIA G. DI VITTORIO 13 15",Italy,,,,
Homi Milano,03/11/2022,2022,http://www.bilbaomueble.com/,DM,LIVELLARA SRL,E01,9P,http://www.livellara.com,emanuela@livellara.it,0039 02 39322741,0239311600,"MILANO (MI), VIA BOVISASCA 59",Italy,,,,
Homi Milano,03/11/2022,2022,http://www.bilbaomueble.com/,DM,LIGHT STUDIO SAS DI ALBERTO COTTARELLI & C,K22,9P,https://www.lightstudio.it/,contact@lightstudio.it,0039 02 34938010,,"MILANO (MI), VIA BRAMANTE 22",Italy,,,,
Homi Milano,03/11/2022,2022,http://www.bilbaomueble.com/,DM,KISHU PLUS LLP,,,https://kishu-plus.jp/,info@kishu-plus.jp,008109053248665,,"WAKAYAMA, 85 HATAYASIKI NISHI",Japan,,,,
Homi Milano,03/11/2022,2022,http://www.bilbaomueble.com/,DM,KIKKERLAND EUROPE BV,K02,9P,http://www.kikkerland.com,italy@kikkerland.com,00390399081281,0031108200999,"ROTTERDAM (-), PO BOX 30240",Netherlands,,,,
Homi Milano,03/11/2022,2022,http://www.bilbaomueble.com/,DM,"KAMIKOUGEI YAMADA CO.,LTD",,,https://www.uchiwayaryo.com,marugame-uchiwa@kamikougei.co.jp,0081877756625,,"MANNO-CHO NAKATADO-GUN (KAGAWA), 430-3, HIGASHITAKASHINO",Japan,,,,
Homi Milano,03/11/2022,2022,http://www.bilbaomueble.com/,DM,KAGURA FEAST CORPORATION,,,https://www.kagurafeast.co.jp,info@kagurafeast.co.jp,0081-90-7294-7965,,"KITAKYUSHU (FUKUOKA), 2034,1-13-1 , KAWARAGUCHI, KOKURAKITA-KU",Japan,,,,
Homi Milano,03/11/2022,2022,http://www.bilbaomueble.com/,DM,HOUZZ GERMANY GMBH,A20 B19,9P,http://www.houzz.de/pro,experten@houzz.com,0044 78 64362756,,"BERLIN, GONTARDSTRASSE 11",Germany,,,,
Homi Milano,03/11/2022,2022,http://www.bilbaomueble.com/,DM,HOROMIA,N22 P25,11P,http://www.horomia.it,amministrazione@deolabsrl.it,0039 035 335401,,"GRASSOBBIO (BG), VIA ENRICO FERMI 12 14",Italy,,,,
Homi Milano,03/11/2022,2022,http://www.bilbaomueble.com/,DM,"HORIUCHI MIRROR INDUSTRY CO.,LTD",,,http://www.cr-horiuchi.co.jp/,horiuchi@cr-horiuchi.co.jp,0081667021987,,"OSAKA (OSAKA), 1-5-11 NISHIWAKI, HIRANO-KU",Japan,,,,
Homi Milano,03/11/2022,2022,http://www.bilbaomueble.com/,DM,HOME SOCIETY BV,M22,11P,https://www.homesociety.nl,dolf@homesociety.nl,0031 252 760760,,"LISSE, 1E POELLAAN 6",Netherlands,,,,
Homi Milano,03/11/2022,2022,http://www.bilbaomueble.com/,DM,FOFIN SRL,,,,fierafofin@libero.it,0039 333 3734334,,"NOLA (NA), CIS ISOLA 1 LOTTI 112 115",Italy,,,,
Homi Milano,03/11/2022,2022,http://www.bilbaomueble.com/,DM,Florever by Origamo,H19,9P,http://www.origamo.com,info@origamo.com,0039 011 19374001,0039 011 19374002,"CIRIE' (TO), VIA RICARDESCO 19",Italy,,,,
Homi Milano,03/11/2022,2022,http://www.bilbaomueble.com/,DM,"FLORAL KOBO KATSURA, INC",,,https://www.fujigoke.jp/,info@k-katsura.com,0081455911782,,"YOKOHAMA (KANAGAMA), 3-31-33 MINAMIYAMATA, TSUZUKI-KU",Japan,,,,
Homi Milano,03/11/2022,2022,http://www.bilbaomueble.com/,DM,FIRESTARS SRL,,,http://www.firestars.it,info@firestars.it,0039 0434 574671,0039 0434 574678,"ZOPPOLA (PN), VIA VILLA FRANCA 8",Italy,,,,
Homi Milano,03/11/2022,2022,http://www.bilbaomueble.com/,DM,DOLFI,H11,11P,http://www.shop.dolfi.com,info@dolfi.com,0039 0471 796239,0039 0471 796656,"CASTELROTTO (BZ), VIA DIGON 26",Italy,,,,
Homi Milano,03/11/2022,2022,http://www.bilbaomueble.com/,DM,DIVINESSENZE SRL,L22 M23,11P,https://divinessenze.it/,info@divinessenze.it,0039 0882 374305,,"SAN SEVERO (FG), VIA CHECCHIA RISPOLI 319 LOTTO A",Italy,,,,
Homi Milano,03/11/2022,2022,http://www.bilbaomueble.com/,DM,DEL DUCA MARIA TERESA,P21,9P,,,,,"LA SPEZIA (SP), VIA MARSALA 8",Italy,,,,
Homi Milano,03/11/2022,2022,http://www.bilbaomueble.com/,DM,DCG SRL,T02 U01,11P,http://www.dcg16.it,eltronic23@hotmail.com,3356549251,0392871116,"BRUGHERIO (MB), VIA GARIBALDI 68",Italy,,,,
Homi Milano,03/11/2022,2022,http://www.bilbaomueble.com/,DM,CHINELLI SRL,F24,9P,www.chinelli.it,info@chinelli.it,0039 0365 554261,,"PUEGNAGO DEL GARDA (BS), VIA NAZIONALE 68",Italy,,,,
Homi Milano,03/11/2022,2022,http://www.bilbaomueble.com/,DM,CHEZ MOI,D10 E09,11P,www.chez-moi.info,info@chez-moi.info,3287296707,,"RIO SALICETO (RE), VIA GRAMSCI 2A",Italy,,,,
Homi Milano,03/11/2022,2022,http://www.bilbaomueble.com/,DM,CHELSEA INTERNATIONAL,,,http://www.chelsea-international.com/,info@chelsea-international.com,0081353671061,,"TOKYO, 4-45 minamimotomachi shinjuku-ku",Japan,,,,
Homi Milano,03/11/2022,2022,http://www.bilbaomueble.com/,DM,CESPIT DI CESTELLI NICOLA & C. SAS,R05,11P,http://www.iovivointoscana.com,amministrazione@iovivoinitalia.it,0039 3470398989,,"SANSEPOLCRO (AR), VIA MALPASSO, 13",Italy,,,,
Homi Milano,03/11/2022,2022,http://www.bilbaomueble.com/,DM,BAGUTTA SRL,,,http://www.baguttaonline.it,info@baguttaonline.it,0039 035 335598,0039 035 525574,"COMUN NUOVO (BG), VIA AUTIERI D'ITALIA 177",Italy,,,,
Homi Milano,03/11/2022,2022,http://www.bilbaomueble.com/,DM,BAN INOUE,,,http://asa-ban.com/en,e-kito@asa-ban.com,0081742232850,,"Nara (Prefettura di Nara), 233 KAWAKAMICHO",Japan,,,,
Homi Milano,03/11/2022,2022,http://www.bilbaomueble.com/,DM,Bagnoli & Baldesi S.r.l.,F01b,9P,www.bagnoliebaldesi.it,info@bagnoliebaldesi.it,0039 055 8050412,,"BARBERINO TAVERNELLE (FI), VIA SPICCIANO 99",Italy,,,,
Homi Milano,03/11/2022,2022,http://www.bilbaomueble.com/,DM,B & B SAS DI BEGO ROMEO & C.,K02 L01,11P,http://www.bebsolesino.com,info@bebsolesino.com,0039 0429 770477,0039 042 9706069,"STANGHELLA (PD), VIA STATALE 64",Italy,,,,
